Types of use,Baden-Württemberg (Area in sq km),Bayern (Area in sq km),Berlin (Area in sq km),Brandenburg (Area in sq km),Bremen (Area in sq km),Hamburg (Area in sq km),Hessen (Area in sq km),Mecklenburg-Vorpommern (Area in sq km),Niedersachsen (Area in sq km),Nordrhein-Westfalen (Area in sq km),Rheinland-Pfalz (Area in sq km),Saarland (Area in sq km),Sachsen (Area in sq km),Sachsen-Anhalt (Area in sq km),Schleswig-Holstein (Area in sq km),Thüringen (Area in sq km),Year
Housing area,3265.49,5280.19,491.16,2029.39,184.99,351.24,1947.39,1320.81,4447.93,5602.19,1682.04,392.64,1845.36,1569.55,1401.06,958.65,2016
Residential building area,1519.58,2137.67,217.22,637.48,71.15,165.96,913.83,380.91,2024.73,2425.57,667.25,202.09,858.25,365.0,677.62,404.35,2016
Industrial and commercial area,717.21,893.39,66.75,448.36,50.92,68.23,337.11,222.46,798.17,1025.68,286.98,75.69,341.19,303.64,194.82,230.43,2016
Industry and commerce,508.91,475.16,35.67,313.7,35.34,44.46,205.73,148.16,434.28,664.13,179.23,54.71,220.83,164.7,109.07,137.53,2016
Stockpile,13.94,3.35,0.08,9.74,0.54,0.05,9.84,0.53,11.88,47.26,7.89,5.53,20.44,27.03,2.02,13.87,2016
Mining company,0.0,0.06,0.0,0.0,0.0,0.0,0.05,0.01,0.11,26.93,0.06,0.0,0.0,1.34,0.0,0.05,2016
"Open-cast mine, pit, quarry",68.28,155.26,0.06,321.94,0.07,0.24,41.86,57.42,238.36,173.8,47.06,5.86,210.65,106.46,45.07,43.89,2016
Mixed-use area,371.03,1194.6,32.91,251.64,7.85,19.89,239.66,174.02,613.35,690.01,176.45,39.75,51.46,148.97,221.56,79.41,2016
Area with special functional character,166.88,300.66,44.02,67.18,13.54,24.81,119.24,106.61,185.57,321.09,101.74,23.75,82.0,81.63,66.58,44.31,2016
"Sports, leisure and recreation area",371.67,553.54,118.84,269.58,37.76,63.71,256.38,364.9,532.8,801.63,373.5,33.47,264.02,517.27,180.08,130.56,2016
Public park,163.76,186.69,95.49,135.37,29.53,51.09,119.65,296.12,132.89,501.69,255.71,12.03,112.96,440.69,83.52,58.43,2016
Cemetery,36.9,41.65,11.26,23.47,3.16,8.36,29.43,13.95,42.95,90.23,21.09,6.49,17.34,18.2,13.31,11.78,2016
Transport,1977.12,3308.44,136.11,1103.1,52.03,93.85,1436.8,703.59,2453.56,2397.31,1209.19,161.59,809.0,792.51,689.52,705.19,2016
Road transport,978.57,1729.64,101.31,683.79,30.81,65.57,579.36,360.26,1344.52,1350.65,509.74,115.06,473.49,375.93,451.87,328.74,2016
Path,821.71,1307.38,5.63,242.56,7.48,6.07,724.49,235.25,906.78,766.61,594.49,26.43,197.47,310.61,160.12,300.46,2016
Square,36.62,54.84,3.88,16.58,1.59,1.59,23.13,11.94,40.89,65.63,32.71,3.65,16.12,15.07,14.56,7.4,2016
Rail transport,111.55,161.31,20.58,111.03,7.11,10.96,82.14,57.85,127.32,159.69,54.38,14.83,102.14,78.25,33.99,58.79,2016
Air transport,28.22,53.24,4.58,47.98,2.94,9.55,26.95,35.65,29.98,50.58,16.95,1.6,19.77,10.83,25.55,9.79,2016
Waterways transport,0.45,2.03,0.13,1.17,2.11,0.11,0.72,2.63,4.06,4.15,0.92,0.01,0.0,1.82,3.43,0.0,2016
Vegetation,30116.72,60743.47,204.89,25530.57,133.69,249.0,17440.52,19938.52,39767.61,25467.91,16684.8,1991.16,15362.56,17644.91,12948.35,14336.99,2016
Agriculture,16189.33,32850.87,37.5,14468.86,119.29,176.63,8847.33,14426.51,27762.61,16318.35,8184.28,1104.16,10054.98,12376.88,10883.9,8835.9,2016
Forest,13525.64,24871.76,157.52,10307.96,4.61,40.16,8393.06,4902.25,10144.7,8495.07,8054.4,856.23,4951.84,4565.45,1620.14,5279.36,2016
Trees and shrubs,174.62,886.61,6.62,242.46,4.44,18.82,109.54,201.94,522.83,424.87,395.8,14.26,84.8,522.81,54.57,37.33,2016
Heath,12.85,19.11,0.04,126.68,0.66,6.1,1.06,16.84,179.26,49.67,3.33,0.97,27.26,140.43,22.8,1.96,2016
Moor,20.07,125.86,0.45,1.16,0.3,0.47,0.7,28.84,525.55,16.98,0.82,0.02,0.62,1.09,88.01,0.34,2016
Mire,3.02,22.29,0.54,37.24,2.47,2.08,4.32,128.04,64.67,15.05,5.14,0.28,5.17,35.31,42.04,1.66,2016
"Infertile land, area without vegetation",191.18,1966.97,2.22,346.21,1.92,4.73,84.5,234.09,568.0,147.93,41.03,15.23,237.9,2.94,236.91,180.45,2016
Water body,388.94,1209.92,58.96,991.32,49.24,61.01,290.96,1329.82,1040.72,645.33,281.97,25.72,433.08,445.18,765.26,201.54,2016
Body of running water,281.46,500.29,30.37,339.03,39.11,42.85,217.93,198.61,674.94,355.16,219.69,20.5,146.12,243.22,274.92,108.85,2016
Port basin,5.17,1.66,0.6,0.71,5.79,7.43,1.34,5.99,11.98,8.35,4.5,0.11,0.53,1.86,18.03,0.0,2016
Body of standing water,102.31,707.97,27.99,651.58,4.34,6.47,71.69,934.73,330.55,281.81,57.78,5.1,286.42,200.1,357.16,92.69,2016
Sea,0.0,0.0,0.0,0.0,0.0,4.25,0.0,190.49,23.26,0.0,0.0,0.0,0.0,0.0,115.15,0.0,2016
Housing area,3289.42,5314.71,492.42,2029.96,185.26,350.71,1958.89,1290.38,4455.37,5632.24,1685.62,393.01,1853.69,1569.22,1413.75,1071.33,2017
Residential building area,1534.74,2151.37,218.66,643.18,70.19,166.49,916.35,383.22,2037.82,2430.66,674.41,202.81,860.57,367.89,679.87,385.43,2017
Industrial and commercial area,727.04,902.94,66.76,445.45,51.27,66.94,340.3,223.09,794.31,1025.84,289.3,75.8,345.95,304.31,197.99,248.55,2017
Industry and commerce,515.9,476.59,36.21,309.15,35.54,44.59,208.15,147.62,459.13,662.68,179.7,54.71,223.67,165.27,110.0,154.91,2017
Stockpile,14.08,3.29,0.09,9.75,0.57,0.05,9.37,0.52,11.61,45.41,7.01,5.53,20.15,26.71,2.08,13.31,2017
Mining company,0.0,0.06,0.0,0.0,0.0,0.0,0.05,0.01,0.29,6.71,0.06,0.0,0.0,1.34,0.0,0.7,2017
"Open-cast mine, pit, quarry",69.65,156.11,0.06,321.1,0.07,0.24,41.91,56.36,231.72,194.41,47.15,5.86,202.14,104.24,45.66,41.87,2017
Mixed-use area,364.58,1202.12,31.86,248.47,7.82,19.61,241.27,174.02,613.69,693.65,176.82,39.22,54.54,149.23,224.08,95.69,2017
Area with special functional character,166.37,301.32,43.99,68.41,13.5,24.71,121.69,72.66,189.57,321.1,103.79,23.79,82.53,81.53,67.14,43.76,2017
"Sports, leisure and recreation area",376.05,555.74,119.82,270.06,38.7,64.3,258.5,366.72,533.39,824.32,366.0,33.51,270.42,515.77,183.6,230.47,2017
Public park,166.65,188.89,95.71,134.6,30.39,50.65,121.13,296.95,275.22,524.12,248.29,12.07,115.96,437.69,84.57,154.85,2017
Cemetery,36.92,41.76,11.17,23.55,3.15,8.37,29.45,13.79,42.98,90.15,21.09,6.49,17.37,18.21,13.33,11.56,2017
Transport,1983.24,3317.43,135.82,1103.73,52.04,94.79,1439.0,704.02,2463.55,2390.49,1204.26,161.78,810.28,792.85,689.65,703.48,2017
Road transport,981.88,1735.79,101.21,682.95,30.61,66.52,580.32,360.61,1336.22,1331.73,510.37,115.24,475.09,374.65,452.88,320.34,2017
Path,824.16,1306.86,5.62,245.04,7.75,6.09,726.13,235.83,921.89,784.09,589.34,26.44,197.84,312.52,161.24,306.92,2017
Square,37.14,56.28,3.82,16.53,1.58,1.59,23.3,11.96,41.02,64.75,31.74,3.65,16.2,14.99,14.48,8.24,2017
Rail transport,111.52,160.99,20.46,109.98,7.09,10.95,81.39,57.36,127.08,156.84,53.9,14.83,101.22,78.07,33.95,57.59,2017
Air transport,28.09,53.91,4.58,48.05,2.94,9.54,27.14,35.63,33.04,48.85,17.93,1.6,19.92,10.76,23.73,10.4,2017
Waterways transport,0.45,3.61,0.12,1.19,2.08,0.11,0.72,2.62,4.31,4.22,0.99,0.01,0.0,1.86,3.37,0.0,2017
Vegetation,30085.44,60697.26,204.02,25529.18,133.44,248.32,17425.14,19968.05,39755.87,25453.57,16686.2,1990.58,15347.46,17645.45,12935.84,14228.39,2017
Agriculture,16155.42,32795.42,36.33,14458.98,118.83,174.36,8824.13,14417.31,27752.67,16231.89,8161.66,1103.74,10030.45,12367.99,10867.33,8681.28,2017
Forest,13525.14,24886.34,157.56,10311.87,4.6,40.25,8394.06,4930.55,10245.07,8491.33,8052.84,856.08,4959.45,4567.17,1622.94,5334.29,2017
Trees and shrubs,178.07,890.71,7.07,248.28,4.46,19.3,115.7,209.76,576.18,484.43,424.33,14.26,88.83,529.29,55.29,70.18,2017
Heath,12.87,19.48,0.04,126.6,0.66,6.09,1.11,17.19,215.46,49.67,3.41,0.97,27.3,141.85,22.09,1.9,2017
Moor,20.07,127.43,0.45,1.49,0.3,0.55,0.7,28.84,526.87,14.88,0.8,0.02,0.62,1.14,88.74,0.45,2017
Mire,3.18,22.65,0.55,37.84,2.47,2.15,4.3,129.99,63.4,14.94,5.17,0.28,5.18,35.94,42.11,2.37,2017
"Infertile land, area without vegetation",190.68,1955.23,2.01,344.14,2.12,5.63,85.13,234.42,376.22,166.43,38.0,15.22,235.64,2.08,237.33,137.91,2017
Water body,390.2,1212.63,58.86,991.5,49.22,61.27,292.66,1330.86,1035.04,636.14,281.92,25.73,438.54,446.27,765.04,199.21,2017
Body of running water,282.55,501.58,30.2,339.12,39.13,42.75,218.09,199.47,662.73,345.46,219.16,20.5,145.92,243.01,274.61,103.86,2017
Port basin,5.17,1.69,0.6,0.71,5.67,7.32,1.34,6.03,11.95,8.16,4.49,0.11,0.53,1.86,18.02,0.0,2017
Body of standing water,102.48,709.35,28.07,651.67,4.42,6.94,73.23,934.87,335.59,282.52,58.27,5.11,292.09,201.4,357.24,95.35,2017
Sea,0.0,0.0,0.0,0.0,0.0,4.26,0.0,190.5,24.77,0.0,0.0,0.0,0.0,0.0,115.17,0.0,2017
Housing area,3304.79,5348.32,493.14,2010.93,184.96,350.73,1966.98,1289.5,4465.71,5657.98,1693.47,393.48,1881.86,1563.99,1424.36,1237.77,2018
Residential building area,1547.74,2164.75,219.58,650.01,69.0,168.03,918.84,384.81,2048.55,2435.76,686.14,203.86,862.82,370.3,682.59,338.72,2018
Industrial and commercial area,732.91,913.13,66.63,447.65,51.64,67.3,342.22,224.25,799.83,1023.88,291.65,75.76,349.35,305.36,200.07,277.25,2018
Industry and commerce,520.14,480.05,36.15,307.03,35.12,44.61,212.17,146.97,463.15,657.24,180.64,54.76,225.83,166.4,110.28,182.94,2018
Stockpile,14.07,3.03,0.07,9.43,0.56,0.04,9.35,0.48,11.58,40.69,6.37,5.53,20.32,25.65,2.11,6.62,2018
Mining company,0.0,0.06,0.0,0.0,0.0,0.0,0.05,0.0,0.12,7.06,0.01,0.0,0.0,1.32,0.0,2.7,2018
"Open-cast mine, pit, quarry",70.03,155.56,0.06,296.32,0.05,0.24,42.35,55.03,221.02,195.87,46.96,5.86,214.13,98.04,45.36,38.29,2018
Mixed-use area,359.47,1208.76,31.41,245.36,7.85,18.71,244.25,173.81,614.58,698.26,179.39,38.37,57.24,149.06,225.75,138.63,2018
Area with special functional character,166.7,303.26,44.08,68.85,13.25,23.79,121.06,66.53,193.18,322.06,104.2,24.09,83.38,80.2,68.61,43.71,2018
"Sports, leisure and recreation area",376.94,557.83,120.16,269.77,39.45,64.23,259.4,370.82,533.75,844.55,357.22,33.51,277.29,515.81,186.56,380.64,2018
Public park,166.18,196.42,95.78,132.22,31.16,50.13,122.2,299.95,276.53,542.51,239.21,12.02,117.95,438.1,86.33,295.66,2018
Cemetery,36.93,41.95,11.15,23.55,3.16,8.38,29.47,13.78,43.1,89.85,21.53,6.49,17.34,18.23,13.32,11.22,2018
Transport,1984.76,3319.73,135.51,1103.84,51.97,94.47,1441.62,705.42,2468.12,2385.39,1201.48,161.89,810.49,791.5,690.25,700.58,2018
Road transport,983.42,1742.38,101.21,679.99,30.08,66.7,582.34,361.0,1329.38,1316.49,511.71,115.3,476.4,371.43,453.37,305.64,2018
Path,824.11,1302.65,5.58,248.14,8.34,5.85,726.17,236.94,931.81,798.5,586.58,26.47,197.55,316.18,161.46,321.38,2018
Square,37.48,57.2,3.79,16.57,1.57,1.65,23.35,12.07,41.0,64.18,30.67,3.68,16.3,15.15,14.46,9.67,2018
Rail transport,111.35,160.54,20.23,109.16,6.97,10.64,81.04,57.15,126.31,153.75,53.68,14.82,100.41,76.18,33.87,54.36,2018
Air transport,27.94,53.48,4.58,48.8,2.92,9.55,27.99,35.62,35.43,49.06,17.82,1.6,19.84,10.69,23.73,9.53,2018
Waterways transport,0.45,3.48,0.12,1.18,2.09,0.08,0.73,2.64,4.19,3.41,1.02,0.01,0.0,1.87,3.36,0.0,2018
Vegetation,30068.01,60657.22,203.99,25541.15,133.87,248.33,17414.09,19965.32,39758.13,25441.9,16679.19,1990.0,15319.34,17650.54,12924.51,14069.13,2018
Agriculture,16135.63,32733.2,35.99,14449.75,118.0,173.73,8797.21,14404.34,27728.57,16147.71,8138.43,1103.2,10008.83,12350.2,10855.32,8444.82,2018
Forest,13527.14,24901.03,157.74,10320.08,4.56,40.01,8400.34,4936.29,10306.35,8486.83,8058.63,856.06,4951.99,4570.0,1624.03,5404.87,2018
Trees and shrubs,179.14,892.17,7.24,262.7,5.43,19.68,125.5,215.11,598.38,545.93,437.16,14.25,91.69,548.11,56.15,122.77,2018
Heath,12.9,18.84,0.06,129.44,0.66,5.24,1.22,17.17,235.99,50.1,3.69,0.97,27.3,142.01,22.14,12.94,2018
Moor,20.09,128.33,0.45,1.5,0.32,1.22,0.81,28.96,516.59,14.17,0.8,0.02,0.62,1.12,88.56,0.48,2018
Mire,3.22,22.91,0.55,38.53,2.48,2.2,4.46,132.29,66.46,14.07,5.23,0.28,5.17,37.8,41.59,4.88,2018
"Infertile land, area without vegetation",189.89,1960.74,1.95,339.15,2.42,6.24,84.56,231.17,305.78,183.09,35.26,15.22,233.74,1.31,236.72,78.37,2018
Water body,390.66,1216.3,58.48,998.51,49.15,61.57,292.97,1333.39,1017.54,627.03,283.86,25.73,438.27,448.28,765.18,194.9,2018
Body of running water,282.66,503.23,29.97,346.13,39.07,42.91,218.52,201.05,642.54,333.39,219.01,20.49,145.81,243.37,274.71,96.78,2018
Port basin,5.17,1.69,0.6,0.73,5.67,7.27,1.34,6.14,11.94,8.14,4.51,0.11,0.53,1.88,18.04,0.0,2018
Body of standing water,102.82,711.39,27.91,651.66,4.41,7.13,73.1,935.32,338.46,285.5,60.34,5.13,291.93,203.03,357.22,98.12,2018
Sea,0.0,0.0,0.0,0.0,0.0,4.26,0.0,190.88,24.59,0.0,0.0,0.0,0.0,0.0,115.22,0.0,2018
Housing area,3320.72,5382.61,493.35,2036.77,184.93,351.0,1976.43,1286.28,4477.32,5686.38,1698.18,394.2,1898.29,1569.48,1430.1,1247.03,2019
Residential building area,1559.7,2180.51,221.26,657.28,69.13,168.12,920.46,386.53,2058.63,2439.62,699.17,204.47,866.93,372.46,684.34,335.8,2019
Industrial and commercial area,738.07,923.2,66.7,449.28,51.44,67.9,345.29,224.99,803.31,1027.1,294.91,76.11,354.73,306.35,201.14,279.99,2019
Industry and commerce,523.42,482.35,36.04,303.68,34.91,44.09,215.66,146.8,464.88,658.19,180.45,55.01,229.79,167.06,110.27,183.72,2019
Stockpile,13.95,3.46,0.07,9.29,0.56,0.04,9.21,0.48,11.59,39.35,5.1,5.53,20.35,25.5,2.04,6.47,2019
Mining company,0.0,0.06,0.0,0.0,0.0,0.0,0.05,0.0,0.12,7.09,0.01,0.0,0.0,1.26,0.0,2.68,2019
"Open-cast mine, pit, quarry",70.63,154.36,0.05,316.21,0.03,0.24,42.73,54.56,215.25,196.36,45.04,5.85,212.43,97.87,45.12,37.85,2019
Mixed-use area,356.05,1216.94,29.98,239.78,7.84,18.02,247.53,173.4,614.8,701.48,180.96,38.02,60.52,148.56,227.31,140.64,2019
Area with special functional character,166.4,303.7,44.11,69.85,12.95,23.59,120.87,60.75,193.94,323.42,104.06,24.13,83.91,80.1,69.01,44.03,2019
"Sports, leisure and recreation area",378.92,558.28,120.16,271.78,39.83,64.72,260.8,371.79,536.65,862.47,347.39,33.59,282.07,519.2,187.85,388.41,2019
Public park,167.17,198.15,95.68,131.71,31.69,50.29,123.48,300.4,279.18,559.77,228.34,12.1,119.57,441.03,87.38,303.73,2019
Cemetery,37.0,42.09,11.02,23.31,3.15,8.37,29.49,13.77,43.03,89.48,21.53,6.49,17.35,18.18,13.3,11.16,2019
Transport,1986.88,3323.71,135.49,1099.81,52.14,93.98,1441.58,706.42,2472.04,2386.98,1203.43,161.89,810.87,791.85,690.7,697.89,2019
Road transport,984.88,1748.11,101.23,676.58,29.29,66.25,581.69,362.06,1330.59,1304.73,513.11,115.36,476.97,369.79,453.58,301.2,2019
Path,824.39,1300.68,5.54,249.99,9.3,5.76,727.02,237.24,934.39,816.85,588.92,26.46,197.65,318.52,161.73,323.56,2019
Square,37.93,57.61,3.85,16.24,1.53,1.76,23.61,12.16,41.21,63.82,29.65,3.73,16.44,15.36,14.46,10.12,2019
Rail transport,111.36,160.28,20.17,108.63,7.11,10.58,80.2,57.0,126.2,151.63,52.86,14.73,99.97,75.67,33.82,53.39,2019
Air transport,27.87,53.55,4.58,47.17,2.92,9.54,28.34,35.32,35.48,46.46,17.83,1.6,19.84,10.66,23.74,9.63,2019
Waterways transport,0.45,3.47,0.13,1.21,1.98,0.08,0.71,2.62,4.16,3.49,1.06,0.01,0.0,1.85,3.37,0.0,2019
Vegetation,30048.87,60618.95,203.8,25520.2,133.81,248.18,17405.56,19966.79,39750.8,25417.23,16671.46,1989.27,15302.5,17642.41,12914.17,14063.15,2019
Agriculture,16115.45,32654.83,35.7,14426.13,117.56,172.49,8777.7,14388.38,27704.32,16078.48,8110.13,1102.52,9987.1,12334.46,10841.93,8432.72,2019
Forest,13526.58,24923.26,157.75,10320.03,4.55,42.42,8405.2,4944.57,10310.21,8471.15,8060.1,856.02,4955.43,4575.87,1625.92,5408.73,2019
Trees and shrubs,180.96,900.95,7.48,272.87,5.59,19.33,131.68,220.34,608.34,594.43,451.84,14.23,93.75,546.18,57.08,133.97,2019
Heath,12.9,17.8,0.06,129.34,0.69,2.61,1.37,17.17,239.96,50.46,3.78,0.97,27.15,145.82,22.1,13.15,2019
Moor,20.09,128.12,0.45,1.44,0.35,1.98,0.83,29.04,515.49,13.37,0.8,0.02,0.62,1.14,87.99,0.47,2019
Mire,3.22,22.84,0.55,38.45,2.49,2.55,4.65,132.53,64.41,12.97,5.36,0.28,5.18,37.77,42.19,5.01,2019
"Infertile land, area without vegetation",189.66,1971.15,1.8,331.95,2.58,6.8,84.12,234.77,308.08,196.37,39.44,15.22,233.27,1.17,236.96,69.09,2019
Water body,391.36,1216.3,58.47,997.64,49.21,61.94,292.06,1334.73,1009.63,621.85,284.94,25.73,438.27,452.78,765.56,194.28,2019
Body of running water,282.87,501.93,30.0,345.66,38.98,42.94,218.56,201.52,634.85,325.48,218.49,20.49,145.7,245.58,274.77,96.19,2019
Port basin,5.17,1.69,0.6,0.73,5.63,7.26,1.35,6.14,11.96,8.26,4.48,0.11,0.53,1.89,18.01,0.0,2019
Body of standing water,103.32,712.69,27.88,651.25,4.59,7.48,72.15,935.45,338.21,288.11,61.97,5.13,292.04,205.31,357.52,98.1,2019
Sea,0.0,0.0,0.0,0.0,0.0,4.26,0.0,191.63,24.61,0.0,0.0,0.0,0.0,0.0,115.25,0.0,2019
Housing area,3338.09,5421.55,493.71,2065.78,185.42,351.49,1983.22,1290.86,4491.22,5703.28,1709.59,394.7,1920.09,1570.37,1448.29,1248.66,2020
Residential building area,1573.02,2197.74,222.3,672.57,69.0,169.05,923.83,388.28,2073.5,2446.53,719.33,205.27,872.3,381.14,688.85,335.97,2020
Industrial and commercial area,743.24,935.2,66.64,447.53,51.84,69.12,346.24,226.08,804.15,1027.6,297.69,76.48,359.32,308.62,203.72,280.74,2020
Industry and commerce,526.89,485.57,35.93,296.89,35.04,43.92,215.9,145.98,466.34,656.84,182.75,55.09,230.92,166.95,110.84,183.06,2020
Stockpile,13.91,3.58,0.07,9.07,0.49,0.03,9.28,0.46,11.8,38.02,4.34,5.53,20.39,24.91,2.05,6.71,2020
Mining company,0.0,0.06,0.0,0.0,0.0,0.0,0.05,0.0,0.2,7.15,0.01,0.0,0.0,1.27,0.0,2.31,2020
"Open-cast mine, pit, quarry",71.12,154.46,0.05,313.72,0.03,0.23,43.0,56.18,212.39,194.6,45.02,5.85,212.46,93.99,44.52,38.28,2020
Mixed-use area,352.35,1222.88,29.34,227.88,7.78,16.54,248.66,173.61,614.39,704.26,184.0,37.43,65.16,148.39,229.28,141.75,2020
Area with special functional character,166.35,304.56,44.1,71.52,12.89,23.36,120.55,59.81,191.75,324.49,104.96,24.15,86.25,76.51,70.02,43.99,2020
"Sports, leisure and recreation area",381.04,560.89,120.21,300.22,40.29,64.79,262.08,372.67,540.07,870.76,332.71,33.49,286.86,517.37,196.52,387.8,2020
Public park,168.9,198.8,93.55,153.94,32.3,50.43,124.32,300.83,282.71,567.72,212.75,12.03,119.66,440.88,94.28,303.31,2020
Cemetery,37.06,42.19,11.0,23.27,3.1,8.37,29.53,13.76,42.98,89.87,21.53,6.51,17.36,18.18,13.33,11.12,2020
Transport,1989.8,3327.31,135.28,1096.66,52.03,93.37,1440.53,707.02,2480.37,2389.31,1209.4,161.97,811.47,789.35,692.97,699.34,2020
Road transport,986.87,1754.24,101.03,664.78,27.9,65.9,581.5,362.28,1330.41,1301.37,513.22,115.43,477.83,368.82,454.13,301.27,2020
Path,825.07,1297.66,5.51,260.48,10.6,5.54,726.61,237.89,942.85,824.57,596.09,26.45,197.48,318.78,161.54,326.18,2020
Square,38.28,57.82,3.83,16.58,1.56,1.82,23.69,12.2,41.46,63.8,28.47,3.75,16.54,14.98,14.5,10.1,2020
Rail transport,111.28,160.62,20.21,106.44,7.21,10.49,79.78,56.85,126.09,150.53,52.68,14.72,99.37,74.48,33.49,52.52,2020
Air transport,27.85,53.52,4.58,47.12,2.92,9.54,28.23,35.18,35.41,46.48,17.88,1.6,20.26,10.65,26.09,9.27,2020
Waterways transport,0.45,3.46,0.12,1.25,1.85,0.08,0.72,2.62,4.16,2.57,1.06,0.01,0.0,1.64,3.22,0.0,2020
Vegetation,30027.77,60574.69,203.67,25495.16,134.09,248.1,17399.51,19959.62,39735.39,25402.59,16653.8,1988.7,15279.95,17640.47,12896.34,14060.35,2020
Agriculture,16091.27,32587.15,35.57,14371.13,116.18,172.1,8762.85,14376.51,27669.9,16029.6,8086.59,1100.85,9962.65,12318.27,10820.86,8432.94,2020
Forest,13528.03,24923.09,157.75,10336.4,4.44,42.43,8409.85,4948.56,10321.7,8467.55,8083.37,857.15,4957.41,4592.93,1628.37,5406.99,2020
Trees and shrubs,182.9,914.24,7.55,290.28,6.49,19.86,135.85,224.25,621.86,624.75,434.97,14.22,97.88,524.0,59.04,135.0,2020
Heath,12.9,17.52,0.06,132.14,0.7,2.6,1.41,17.2,247.66,52.55,3.83,0.97,27.14,163.03,21.97,12.83,2020
Moor,20.09,128.63,0.45,2.13,0.35,1.96,0.83,29.54,511.63,12.09,0.86,0.02,0.62,1.25,87.8,0.48,2020
Mire,3.39,22.81,0.55,39.72,2.44,2.5,4.79,132.4,65.2,13.35,5.86,0.28,5.16,39.67,42.07,5.01,2020
"Infertile land, area without vegetation",189.19,1981.25,1.73,323.35,3.49,6.64,83.94,231.16,297.44,202.7,38.32,15.21,229.09,1.32,236.24,67.1,2020
Water body,392.16,1218.02,58.47,996.76,48.48,62.13,292.37,1336.94,1002.84,617.26,285.22,25.73,438.42,458.91,766.7,194.03,2020
Body of running water,283.35,502.34,30.0,345.5,38.21,43.01,218.56,202.13,626.56,319.04,217.67,20.48,145.63,248.26,276.63,96.09,2020
Port basin,5.17,1.69,0.6,0.73,5.57,7.26,1.35,6.25,11.98,8.42,4.5,0.11,0.53,2.03,17.99,0.0,2020
Body of standing water,103.64,714.0,27.87,650.53,4.7,7.61,72.47,936.35,339.7,289.81,63.05,5.14,292.27,208.63,356.8,97.94,2020
Sea,0.0,0.0,0.0,0.0,0.0,4.26,0.0,192.21,24.6,0.0,0.0,0.0,0.0,0.0,115.27,0.0,2020
Housing area,3357.85,5457.12,493.82,2015.96,186.01,351.64,1990.64,1295.44,4503.82,5718.63,1720.64,398.02,1939.02,1570.46,1459.03,1250.85,2021
Residential building area,1584.34,2221.23,223.08,681.56,69.27,169.65,926.65,390.65,2086.44,2454.05,739.64,207.55,877.68,393.75,692.15,335.05,2021
Industrial and commercial area,748.31,950.64,66.73,447.45,52.0,70.05,349.45,228.25,805.7,1030.33,301.23,78.41,361.72,309.91,205.65,272.85,2021
Industry and commerce,530.66,490.24,35.82,289.38,35.73,43.8,218.36,146.29,465.57,658.68,184.47,53.92,232.55,166.38,111.26,174.57,2021
Stockpile,13.81,3.63,0.07,5.96,0.49,0.03,9.15,0.48,11.62,35.45,4.14,5.41,20.44,23.07,2.03,6.73,2021
Mining company,0.0,0.07,0.0,0.0,0.0,0.0,0.05,0.0,0.2,6.35,0.01,0.0,0.0,1.25,0.0,2.26,2021
"Open-cast mine, pit, quarry",72.03,155.45,0.05,227.49,0.03,0.29,42.86,55.31,209.18,190.62,45.1,6.2,215.74,93.48,44.72,38.42,2021
Mixed-use area,349.61,1210.98,28.54,223.49,7.65,15.31,249.25,173.13,613.29,707.15,187.07,37.16,68.87,148.71,231.18,152.23,2021
Area with special functional character,168.54,308.39,44.37,73.12,12.91,22.96,120.07,59.59,189.68,326.34,106.5,22.47,86.53,70.42,70.86,44.02,2021
"Sports, leisure and recreation area",384.13,564.53,119.99,333.63,40.62,64.96,263.64,374.28,544.65,878.59,315.79,34.3,290.68,511.7,198.98,388.2,2021
Public park,171.17,200.61,93.34,183.43,32.56,50.54,125.06,302.32,288.03,575.73,195.16,11.81,119.34,441.52,95.99,304.33,2021
Cemetery,37.07,42.19,10.97,23.27,3.04,8.39,29.53,13.75,43.06,89.76,21.15,6.53,17.35,18.17,13.46,11.09,2021
Transport,1993.72,3330.32,135.24,1083.65,51.64,92.7,1438.01,706.68,2485.05,2388.91,1229.95,162.09,817.54,790.65,697.67,700.4,2021
Road transport,989.0,1758.99,101.06,648.3,26.73,65.13,582.4,362.43,1330.73,1299.44,514.06,115.35,479.36,369.97,451.42,301.54,2021
Path,826.37,1299.92,5.52,272.24,11.45,5.48,722.91,238.11,946.65,827.2,616.28,26.58,197.5,320.97,168.89,327.22,2021
Square,38.78,58.64,3.78,16.6,1.5,1.97,23.77,12.22,42.18,63.61,28.13,3.9,16.78,14.69,14.58,10.26,2021
Rail transport,111.33,160.29,20.18,104.15,7.19,10.5,79.52,56.82,126.15,149.31,52.4,14.65,98.93,72.86,33.29,52.12,2021
Air transport,27.78,50.01,4.58,41.07,2.92,9.55,28.7,34.47,35.19,46.82,18.0,1.6,24.96,10.41,26.22,9.25,2021
Waterways transport,0.45,2.48,0.12,1.29,1.85,0.08,0.71,2.62,4.15,2.54,1.07,0.01,0.0,1.75,3.27,0.0,2021
Vegetation,30003.44,60534.52,203.61,25559.01,133.82,248.63,17395.48,19954.42,39718.67,25389.1,16621.38,1985.1,15249.75,17644.21,12879.7,14057.26,2021
Agriculture,16060.52,32544.71,35.51,14328.47,115.29,172.99,8748.81,14367.73,27630.41,15982.25,8067.8,1070.73,9937.78,12302.65,10800.65,8423.57,2021
Forest,13530.43,24924.36,157.76,10342.52,4.36,42.7,8415.62,4952.07,10326.94,8459.39,8077.83,874.81,4949.14,4607.69,1625.82,5407.52,2021
Trees and shrubs,186.56,923.67,7.55,321.89,7.13,19.32,139.85,229.57,637.43,655.79,426.55,27.55,102.27,522.37,61.73,138.75,2021
Heath,13.37,17.32,0.06,155.57,0.7,2.56,1.42,17.37,249.97,52.13,4.01,0.74,27.14,167.5,21.8,12.83,2021
Moor,20.08,127.32,0.45,5.46,0.35,1.94,0.83,30.96,509.82,12.74,1.68,0.02,0.61,1.18,87.39,0.47,2021
Mire,3.29,23.23,0.55,43.04,2.44,2.51,4.81,132.92,65.69,12.91,5.78,0.27,5.16,41.4,43.5,5.08,2021
"Infertile land, area without vegetation",189.18,1973.91,1.73,362.05,3.55,6.61,84.14,223.81,298.42,213.88,37.72,10.97,227.66,1.41,238.82,69.05,2021
Water body,392.84,1219.62,58.45,995.75,48.48,62.13,291.51,1337.37,1002.33,615.82,286.0,26.29,443.58,458.72,767.9,193.88,2021
Body of running water,283.96,503.63,29.99,343.68,38.08,42.99,217.46,202.45,623.51,316.95,217.98,20.2,145.1,249.27,279.64,95.78,2021
Port basin,5.17,1.69,0.6,0.74,5.57,7.26,1.35,6.19,11.98,8.26,4.49,0.14,0.53,1.99,17.95,0.0,2021
Body of standing water,103.71,714.3,27.87,651.33,4.83,7.62,72.7,937.02,342.22,290.61,63.53,5.96,297.96,207.45,355.0,98.11,2021
Sea,0.0,0.0,0.0,0.0,0.0,4.26,0.0,191.72,24.62,0.0,0.0,0.0,0.0,0.0,115.31,0.0,2021
Housing area,3372.11,5475.76,497.34,1983.1,187.18,347.81,1998.0,1294.64,4521.95,5731.06,1733.4,401.16,1964.79,1572.03,1469.2,1251.27,2022
Residential building area,1594.6,2240.78,223.84,689.46,69.97,169.53,929.13,402.57,2097.19,2461.89,756.11,209.25,882.04,404.78,695.59,332.67,2022
Industrial and commercial area,752.67,969.7,66.55,442.46,52.05,68.48,350.78,231.64,811.82,1034.78,305.73,78.34,367.21,313.58,207.32,259.37,2022
Industry and commerce,533.33,493.43,35.64,274.95,37.41,28.78,219.74,137.66,469.56,660.14,185.77,53.87,236.11,166.04,111.89,162.21,2022
Stockpile,13.73,3.6,0.07,5.59,0.49,0.02,9.36,0.47,11.64,34.08,3.92,5.37,20.44,21.51,2.03,6.69,2022
Mining company,0.0,0.07,0.0,0.0,0.0,0.0,0.05,0.0,0.2,6.09,0.01,0.0,0.0,1.25,0.0,2.07,2022
"Open-cast mine, pit, quarry",71.86,156.12,0.05,156.04,0.0,0.3,43.26,54.61,210.13,186.78,44.68,6.26,224.92,91.86,44.75,38.43,2022
Mixed-use area,347.55,1205.64,31.55,216.73,7.65,14.57,250.32,161.14,611.99,710.22,190.3,36.92,71.12,148.81,232.57,168.72,2022
Area with special functional character,168.69,291.82,45.03,73.25,12.92,22.47,119.47,55.66,190.03,327.67,107.18,23.4,86.77,64.08,71.48,44.44,2022
"Sports, leisure and recreation area",385.95,565.88,119.26,376.51,41.06,64.13,266.08,374.79,547.03,879.92,304.34,35.04,294.91,507.98,201.98,387.8,2022
Public park,172.5,201.72,93.01,224.63,32.79,49.79,126.4,302.3,290.79,577.95,183.49,11.24,119.16,441.53,97.51,303.7,2022
Cemetery,37.06,42.14,10.98,23.06,3.03,8.32,29.55,13.77,41.92,89.62,21.12,6.59,17.37,18.18,13.47,11.08,2022
Transport,1996.02,3338.19,131.83,1066.9,51.35,94.01,1420.68,709.93,2487.68,2392.94,1242.51,161.78,817.33,792.77,696.93,701.17,2022
Road transport,990.49,1763.91,101.07,625.92,26.57,64.87,582.04,362.37,1331.44,1296.71,515.35,115.0,479.75,369.73,445.78,302.39,2022
Path,826.94,1303.11,5.47,287.15,11.47,5.48,706.88,237.89,948.42,834.56,627.92,26.69,197.68,324.92,174.7,327.3,2022
Square,39.14,58.7,3.75,15.36,1.42,2.09,23.92,16.17,42.38,63.28,27.41,3.96,16.77,14.04,14.08,10.37,2022
Rail transport,111.23,160.14,20.13,100.57,7.17,10.5,77.71,56.54,125.94,148.81,52.31,14.64,98.19,71.94,33.12,52.05,2022
Air transport,27.76,49.85,1.28,36.64,2.91,9.52,29.41,34.32,35.33,46.99,18.3,1.49,24.94,10.4,26.19,9.07,2022
Waterways transport,0.45,2.47,0.12,1.25,1.81,1.55,0.71,2.65,4.17,2.58,1.22,0.01,0.0,1.73,3.06,0.0,2022
Vegetation,29985.71,60504.9,203.49,25581.31,133.01,251.11,17407.33,19951.8,39697.49,25372.32,16595.25,1982.06,15224.8,17644.44,12870.32,14056.68,2022
Agriculture,16038.05,32507.92,35.42,14233.23,113.95,172.65,8716.98,14355.92,27593.21,15950.91,8045.41,1032.26,9920.24,12286.71,10787.85,8416.48,2022
Forest,13531.34,24928.66,157.8,10360.96,4.36,42.62,8444.4,4955.54,10337.5,8464.03,8079.89,895.15,4941.21,4620.48,1625.46,5405.65,2022
Trees and shrubs,190.89,932.74,7.76,390.94,7.43,19.42,158.06,234.5,650.19,662.56,419.92,47.76,104.6,526.21,62.9,142.6,2022
Heath,13.43,16.43,0.06,162.07,0.71,2.49,1.36,17.38,248.43,51.99,4.21,0.6,27.18,165.05,21.79,12.8,2022
Moor,20.06,126.86,0.45,7.98,0.35,1.86,0.82,31.84,509.53,12.64,1.62,0.02,0.61,1.27,87.81,0.41,2022
Mire,3.33,23.6,0.55,43.96,2.41,2.55,4.87,134.8,67.31,12.9,5.66,0.27,5.16,42.95,44.42,5.36,2022
"Infertile land, area without vegetation",188.61,1968.68,1.46,382.18,3.82,9.53,80.85,221.82,291.32,217.28,38.54,6.0,225.8,1.77,240.09,73.37,2022
Water body,394.01,1222.73,58.46,1023.07,48.39,62.16,289.62,1337.53,1002.78,616.4,286.81,26.5,442.95,457.96,767.85,193.25,2022
Body of running water,284.29,502.34,29.99,345.14,38.07,42.98,215.14,202.64,622.13,315.54,217.97,19.5,144.28,248.98,281.99,95.27,2022
Port basin,5.17,1.7,0.6,0.74,5.58,7.26,1.35,6.22,11.99,8.15,4.45,0.14,0.53,1.94,17.88,0.0,2022
Body of standing water,104.54,718.69,27.87,677.19,4.74,7.66,73.13,936.77,344.03,292.71,64.39,6.87,298.14,207.04,352.64,97.98,2022
Sea,0.0,0.0,0.0,0.0,0.0,4.26,0.0,191.9,24.64,0.0,0.0,0.0,0.0,0.0,115.35,0.0,2022
